VRSTAMAT;DAVEK_PROC;EM;IDENT;NAZIV;KOLICINA;PORABA;ZELENA_KOL;ID_DOK;TIP_CENE;SKLADIŠČE;CENA;VREDNOST;A_CENA
POM;22;KG;9937518;VULKACIT ZDEC/OCTOCURE ZDE-100 TRCC,20KG;20;20;0;22000719;EUR;22210;4,8;96;0
POM;22;KG;9946355;ZNO (GOLD SEAL) PRAH - ADR!, 25KG;300;300;0;22000719;EUR;22210;3,9;1170;0
POM;22;KG;9938118;ŽVEPLO, 25KG ADR-UN1350!;25;25;0;22000719;EUR;22210;1,11;27,75;0
POM;22;KG;1044893;TAMOL NN 9104 - 25KG;25;25;0;22000719;EUR;22210;5,11;127,75;0
POM;22;KG;1001140;AMONIJAK 25%, 50KG;100;100;0;22000718;EUR;22210;1,205;120,5;0
POM;22;KG;9939500;SOPROPHOR TS10, 200KG;200;200;0;22000718;EUR;22210;8,2;1640;0
POM;22;KG;9936758;KALCIJEV KARBONAT 2 OMYA, 20KG;1200;1200;0;22000718;EUR;22210;0,1399;167,88;0
IZD;22;LM;9933901;CENTELIN 50/1/S 150 CM BEL;50;50;0;22000717;EUR;22710;0;0;0
IZD;22;LM;9934042;CENTELIN 50/S 150 CM;50;50;0;22000717;EUR;22710;0;0;0
POM;22;KG;9945707;BARVA MICRONIL YELLOW KM MINERVA;150;150;0;22000716;EUR;22220;4;600;0
POM;22;KG;9935684;BARVA MINERPRINT YELLOW 2GI MINERV;30;30;0;22000716;EUR;22220;6,65;199,5;0
POM;22;KG;9935677;BARVA MINERPRINT ORANGE OLI EC;60;60;0;22000716;EUR;22220;7,82;469,2;0
POM;22;KG;9938732;BARVA MINERPRINT GREEN B;150;150;0;22000716;EUR;22220;8,55;1282,5;0
IZD;22;KOS;8101847;JAGER GOBA ZA POSODO 3/1;108;108;0;22000715;EUR;22610;0;0;0
IZD;22;KOS;8102290;JAGER KRPA ZA TLA;20;20;0;22000715;EUR;22610;0;0;0
IZD;22;KOS;8152407;JAGER SET ZA DOM;45;45;0;22000715;EUR;22610;0;0;0
IZD;22;KOS;8100731;UNIVERSAL 3/1 / VEČNAMENSKA PROFI;10;10;0;22000715;EUR;22610;0;0;0
IZD;22;KOS;9908982;AQUA ANTIBACTERIAL 3/1;10;10;0;22000715;EUR;22610;0;0;0
IZD;22;KOS;9902845;FLOOR ORANGE 1/1;10;10;0;22000715;EUR;22610;0;0;0
IZD;22;KOS;8800372;SPONG-I 3/1 / GOBASTA;30;30;0;22000715;EUR;22610;0,40895;12,27;0
IZD;22;KOS;8800373;SPONG-I 5/1 / GOBASTA;20;20;0;22000715;EUR;22610;0,52579;10,52;0
IZD;22;KOS;9919437;MAGIC SPONGE 2/1 / RADIRKA;1;1;0;22000715;EUR;22610;0;0;0
IZD;22;KOS;8800685;ORIGINAL 2/1;10;10;0;22000715;EUR;22610;0,2775;2,78;0
IZD;22;KOS;8800686;ORIGINAL 3/1;5;5;0;22000715;EUR;22610;0,39434;1,97;0
IZD;22;KOS;9908984;ORIGINAL TEFLON 2/1;5;5;0;22000715;EUR;22610;0;0;0
IZD;22;KOS;8101851;ORIGINAL MAX 1/1 / VELIKA PROFI;5;5;0;22000715;EUR;22610;0;0;0
IZD;22;KOS;8101478;VEČNAMENSKA GOBA PROFI;5;5;0;22000715;EUR;22610;0;0;0
IZD;22;KOS;9903634;RUB 4/1 BLAZINICE ŽIČNE VOLNE;10;10;0;22000715;EUR;22610;0;0;0
IZD;22;KOS;9901745;METAL 3/1 KOVINSKA MREŽICA;5;5;0;22000715;EUR;22610;0;0;0
IZD;22;KOS;9901747;MIX 3/1 MREŽICE;5;5;0;22000715;EUR;22610;0;0;0
IZD;22;KOS;8800763;ŠČETKA ZA STEKLENICE IN KOZARCE;5;5;0;22000715;EUR;22610;0;0;0
IZD;22;KOS;8123041;RUBBER M / GUMIJASTE ROKAVICE;10;10;0;22000715;EUR;22610;0;0;0
IZD;22;KOS;8123042;RUBBER L / GUMIJASTE ROKAVICE;10;10;0;22000715;EUR;22610;0;0;0
IZD;22;KOS;8111351;SET SMETIŠNICA-OMELO PROFI;3;3;0;22000715;EUR;22610;0;0;0
IZD;22;KOS;8111370;PVC SMETIŠNICA Z GUMI ROBOM PROFI;6;6;0;22000715;EUR;22610;0;0;0
IZD;22;KOS;8112131;METLA SUPERBROOM Z ROČAJEM PROFI;3;3;0;22000715;EUR;22610;0;0;0
IZD;22;KOS;8112403;OMELO GONDOLA Z ROČAJEM PROFI;3;3;0;22000715;EUR;22610;0;0;0
IZD;22;KOS;8112405;OMELO ZAŠČITA ROBOV HIŠNO Z ROČAJ. PROFI;4;4;0;22000715;EUR;22610;0;0;0
IZD;22;KOS;8800755;ROČAJ 120 CM;5;5;0;22000715;EUR;22610;0;0;0
IZD;22;KOS;8800333;MOČO RESA;3;3;0;22000715;EUR;22610;0,59881;1,8;0
IZD;22;KOS;8800444;MOČO RESA - BOMBAŽ;3;3;0;22000715;EUR;22610;0;0;0
IZD;22;KOS;8800776;PVA MOP REFILL REZERVNA GOBA;3;3;0;22000715;EUR;22610;0,97162;2,91;0
IZD;22;KOS;9912654;MICRO MOP;2;2;0;22000715;EUR;22610;0;0;0
IZD;22;KOS;9914300;MICRO MOP REFILL REZERVNA KRPA;1;1;0;22000715;EUR;22610;0;0;0
IZD;22;KOS;9915438;COTTON MOP;2;2;0;22000715;EUR;22610;0;0;0
IZD;22;KOS;9915439;COTTON MOP REFILL REZERVNA KRPA;3;3;0;22000715;EUR;22610;0;0;0
IZD;22;KOS;9923007;PMA MOP;2;2;0;22000715;EUR;22610;0;0;0
IZD;22;KOS;9923893;PMA MOP REFILL REZERVNA KRPA;3;3;0;22000715;EUR;22610;0;0;0
IZD;22;KOS;8110220;ODMAŠČEVALEC ODTOKOV HEKTOR PROFI;2;2;0;22000715;EUR;22610;0;0;0
IZD;22;KOS;8110330;WC GARNITURA OGLATA PROFI;2;2;0;22000715;EUR;22610;0;0;0
IZD;22;KOS;9942433;10241350 BANJA 65 LINIJA 2000, 50L SREBR;2;2;0;22000715;EUR;22610;0;0;0
IZD;22;KOS;9917846;10230739 BANJA 65 LINIJA FAVORIT 40L/GRA;2;2;0;22000715;EUR;22610;0;0;0
IZD;22;KOS;9919936;10335400 KOŠARA MINI 4 /RAZNOVRSTNA;5;5;0;22000715;EUR;22610;0;0;0
IZD;22;KOS;9919932;10335200 KOŠARA MINI 2 /RAZNOVRSTNA;5;5;0;22000715;EUR;22610;0;0;0
IZD;22;KOS;9942424;10047101 VRČ ZA MERJENJE 1,0L;2;2;0;22000715;EUR;22610;0;0;0
IZD;22;KOS;9942435;10335550 ODCEJEVALNIK S PODST. SREBRNA;2;2;0;22000715;EUR;22610;0;0;0
IZD;22;KOS;9920069;10682000 PRŠILEC VEČNAMENSKI 1L;5;5;0;22000715;EUR;22610;0;0;0
IZD;22;KOS;9920079;10710399 POSODA ZA SHRAN.1L OGLATA/RAZN.;2;2;0;22000715;EUR;22610;0;0;0
IZD;22;KOS;9920076;10710299 POSODA ZA SHRAN.0,75L OGLATA/RA;2;2;0;22000715;EUR;22610;0;0;0
IZD;22;KOS;9917877;10710499 POSODA ZA SHRAN.2L OGLATA/RAZNO;2;2;0;22000715;EUR;22610;0;0;0
IZD;22;KOS;9943181;10042950 SKLEDA OKROGLA 20 L-2000 /SREBR;2;2;0;22000715;EUR;22610;0;0;0
IZD;22;KOS;9942418;10043050 SKLEDA OKROGLA 25 L-2000 SREBRN;2;2;0;22000715;EUR;22610;0;0;0
IZD;22;KOS;9942420;10043124 SKLEDA OKROGLA 30 L-2000 MODRA;2;2;0;22000715;EUR;22610;0;0;0
IZD;22;KOS;9919599;10125403 VEDRO ZA GOSPOD.10L /RUMENO;2;2;0;22000715;EUR;22610;0;0;0
POM;22;KG;9917159;VULKACIT ZM/VULKACIT ZMBT-PRAH-ADR!,20KG;80;80;0;22000714;EUR;22210;5,74;459,2;0
POM;22;KG;9937518;VULKACIT ZDEC/OCTOCURE ZDE-100 TRCC,20KG;80;80;0;22000714;EUR;22210;4,8;384;0
POM;22;KG;9938118;ŽVEPLO, 25KG ADR-UN1350!;100;100;0;22000714;EUR;22210;1,11;111;0
POM;22;KG;1044893;TAMOL NN 9104 - 25KG;25;25;0;22000714;EUR;22210;5,11;127,75;0
POM;22;KG;1001140;AMONIJAK 25%, 50KG;100;100;0;22000713;EUR;22210;1,205;120,5;0
POM;22;KG;9925564;COAGULANT TEGO 4720 EVONIK, 50/200KG;100;100;0;22000713;EUR;22210;17,91;1791;0
POM;22;KG;9944927;UNIDYNE TG-5543 DAIKIN;1000;1000;0;22000713;EUR;22210;15,1;15100;0
POM;22;KG;9944808;BARVA BLACK OLIMPRINT R AC RAROCHEM 1100;1100;1100;0;22000712;EUR;22210;2,4;2640;0
POM;22;KG;233137;ACEMAT OK 412;30;30;0;22000712;EUR;22210;10,16667;305;0
POT;22;KOS;9938346;TULEC KART. 76/84 X 1500MM N;420;420;0;22000711;EUR;22230;1,3207;554,69;0
POT;22;KOS;9944147;TULEC KART. 76/84 X 2450MM N;1470;1470;0;22000711;EUR;22230;2,12821;3128,47;0
POT;22;KOS;9945228;TULEC KART. 76/84 X 2300MM N1;1050;1050;0;22000711;EUR;22230;1,98358;2082,76;0
POT;22;KOS;9947723;PALETA 1200 X 800 X 144 NOVA-NESTANDARDN;30;30;0;22000711;EUR;22230;12,5;375;0
POT;22;KOS;9947764;PALETA 800 X 800 X 144 NOVA-EURO SISTEM;100;100;0;22000711;EUR;22230;11;1100;0
POT;22;KOS;9947870;POKROV ZA PALETO 3X3 800X800;100;100;0;22000711;EUR;22230;9;900;0
POT;22;KOS;9948398;TULEC KART. 76,6 X 96,6 X 1500MM;106;106;0;22000711;EUR;22230;4,34604;460,68;0
POT;22;KOS;9948401;TULEC KART. 76/96 X 1890MM;92;92;0;22000711;EUR;22230;0;0;0
IZD;22;M2;9946531;N.W. GRIS 120 AS - 1600 ZVEZDA;4400;4400;0;22000710;EUR;22210;0;0;0
IZD;22;M2;9943688;FLIS PES 200 ANTRACIT;11758,2;11758,2;0;22000709;EUR;22210;0;0;0
POL;22;LM;9930519;PLETIVO 051_3;3000;3000;0;22000708;EUR;23710;0;0;0
POL;22;LM;9930543;PLETIVO 051-2_3;2000;2000;0;22000707;EUR;23710;0;0;0
POL;22;LM;9930519;PLETIVO 051_3;1000;1000;0;22000707;EUR;23710;0;0;0
IZD;22;M2;9943840;"K/MULTI LW ORANGE8;-VAFEL ORANGE5";17,1;17,1;0;22000706;EUR;22210;0;0;0
IZD;22;M2;9943842;"K/MULTI LW YELLOW18;-VAFEL YELLOW10";15,2;15,2;0;22000706;EUR;22210;0;0;0
IZD;22;M2;9943844;"K/MULTI LW BLUE3;-VAFEL BLUE4";20,9;20,9;0;22000706;EUR;22210;0;0;0
IZD;22;M2;9948258;"K/MULTI LW PINK 10;-VAFEL PINK 19";9,5;9,5;0;22000706;EUR;22210;0;0;0
MAT;22;M;9948393;ARTIKEL TK-342 S, ŠIRINA 1650MM, TKANINA;1760;1760;0;22000705;EUR;22710;1,3691;2409,62;0
IZD;22;LM;9928502;CENTELIN 523 90 CM;1000;1000;0;22000704;EUR;22710;0;0;0
MAT;22;M;9940020;VLAKNOVINA T-PP-100-022-30, ŠIRINA 130CM;1000;1000;0;22000703;EUR;22710;0,182;182;0
POM;22;KG;1001140;AMONIJAK 25%, 50KG;100;100;0;22000702;EUR;22210;1,205;120,5;0
POM;22;KG;9925564;COAGULANT TEGO 4720 EVONIK, 50/200KG;100;100;0;22000702;EUR;22210;17,91;1791;0
POM;22;KG;9926868;EMULVIN WA, 60KG;60;60;0;22000702;EUR;22210;14;840;0
POM;22;KG;9938234;PLEXMET SRN, 125KG;125;125;0;22000702;EUR;22210;2,5;312,5;0
POM;22;KG;9936758;KALCIJEV KARBONAT 2 OMYA, 20KG;1200;1200;0;22000702;EUR;22210;0,1516;181,92;0
MAT;22;M;9947282;VLAKNOVINA T-PP-100-022-30G 175CM/1000TM;2607;2607;0;22000701;EUR;22710;0,245;638,72;0
MAT;22;M;9947281;VLAKNOVINA T-PP-100-022-20G 175CM/1000TM;1168;1168;0;22000701;EUR;22710;0,21;245,28;0
POT;22;KG;9926261;FOLIJA PE 850MM X 0,06;210;210;0;22000700;EUR;22710;2,4;504;0
POM;22;KOS;9947939;OBOJESTRANSKI LEPILNI TRAK25MMX25M PLADE;25;25;0;22000700;EUR;22710;16,32407;408,1;0
POM;22;KOS;9946671;PALETA TOPLOTNO OBDELANA 1100X800X135VAL;7;7;0;22000700;EUR;22710;10,08;70,56;0
POT;22;KOS;9937935;PALETA TOPLOTNO OBDELANA 1100X800X135 HT;30;30;0;22000700;EUR;22710;10,08;302,4;0
POT;22;KOS;9946539;PALETA TOPLOTNO OBDELANA 1500X800X140VAL;125;125;0;22000700;EUR;22710;18,48;2310;0
POM;22;KOS;9942404;SUKANEC SERAFIL 40 1200M 2000 COMERCE TR;2;2;0;22000700;EUR;22710;2,9375;5,88;0
POT;22;KOS;9934832;TRAK LEP. 48MMX66M PROZOREN AXIS, ZVEZDA;262;262;0;22000700;EUR;22710;0,7227;189,35;0
POT;22;KOS;9926021;TULEC KART. 66,8/73 X 1900MM;100;100;0;22000700;EUR;22710;1,21939;121,94;0
POT;22;KOS;9932013;KART.CEV. FI 66,8/71,5X1500 MM;500;500;0;22000700;EUR;22710;0,77504;387,52;0
POT;22;KOS;9932014;KART.CEV. FI 66,8/71,5 X 1600 MM;650;650;0;22000700;EUR;22710;0,81617;530,51;0
POT;22;KOS;9927858;TULEC KART. 50/55X1550MM ZVEZDA;240;240;0;22000700;EUR;22710;0,6097;146,33;0
POT;22;KOS;9927859;TULEC KART. 66,8/69,2 X 920 ZVEZDA;50;50;0;22000700;EUR;22710;0,34102;17,05;0
POT;22;KG;9933055;FOLIJA PE 2000X0,8 POLROKAV (1000*0,8);250;250;0;22000700;EUR;22710;2,7;675;0
POT;22;KOS;9935231;VERKI KARTONSKA EMBALAŽA 750X150;430;430;0;22000700;EUR;22710;0,34672;149,09;0
POM;22;KOS;9940624;PALETA TOPLOTNO OBDELANA 1500X1200X145VA;21;21;0;22000700;EUR;22710;38,4;806,4;0
MAT;22;KOS;6461120;ALU FOLIJA DESINIRANA TRAK 0,1X100 IMPOL;15,8;15,8;0;22000700;EUR;22710;7,92636;125,24;0
POT;22;KOS;9927876;SPREJ MITOSIL;24;24;0;22000700;EUR;22710;4,58;109,92;0
POM;22;KOS;9946776;SUKANEC SABA BEL 80 5000M 2000 COMMERCE;10;10;0;22000700;EUR;22710;3,9275;39,28;0
MAT;22;M;9947046;ARTIKEL TK-831 S, ŠIRINA 1480 MM TKANINA;80;80;0;22000700;EUR;22710;1,0011;80,09;0
MAT;22;M;9937123;PLETIVO 80%POLAMID-20%POLY WALKY GREY SA;10;10;0;22000700;EUR;22710;2,36058;23,61;0
POM;22;KOS;9947940;OBOJESTRANSKI LEPILNI TRAK50MMX25MPLADEN;9,5;9,5;0;22000700;EUR;22710;11,75;111,63;0
MAT;22;M;9947831;PENA PLS4040LE SIVA 1520*5MM VAKUMIRANA;1356;1356;0;22000699;EUR;22710;2,122;2877,43;0
MAT;22;M;9947830;PENA PLS4040LE SIVA 1600*10MM VAKUMI;3114;3114;0;22000699;EUR;22710;4,468;13913,35;0
MAT;22;M;9946091;PENA PLS4040LE SV.SIVA 1350*6MM VAKUMIRA;2444;2444;0;22000699;EUR;22710;2,262;5528,33;0
MAT;22;M;9946089;PENA PLS4532LEOC BELA 1600*10MM VAKUMIRA;1356;1356;0;22000699;EUR;22710;5,079;6887,12;0
MAT;22;M;9946090;PENA PLS4545LEOC SV.SIVA 1650*10MM VAKUM;1469;1469;0;22000699;EUR;22710;4,898;7195,16;0
POM;22;KG;9929412;BARVA FORON SCHWARZ RD-SE 300;3;3;0;22000698;EUR;22710;12,7;38,1;0
POM;22;KG;9929365;ALVIRON EPW;10;10;0;22000698;EUR;22710;4,90338;49,03;0
POM;22;KG;9927151;CONTAVAN VAN;10;10;0;22000698;EUR;22710;3,12;31,2;0
POM;22;KG;9939122;K0LLASOL CDO;26;26;0;22000698;EUR;22710;7,08;184,08;0
POM;22;KG;9929414;KOMPLEX MCF;3;3;0;22000698;EUR;22710;1,911;5,73;0
POM;22;KG;9926176;LAVOTAN DSU;20;20;0;22000698;EUR;22710;4,88366;97,67;0
POM;22;KG;9926721;SOL ŽIVILSKA 25KG (NACL TEH.);245;245;0;22000698;EUR;22710;0,21;51,45;0
MAT;22;KG;9927350;NALCO BT-13;30;30;0;22000698;EUR;22710;14,73;441,9;0
MAT;22;KG;9927351;NALCO BT-21 (ELIMIN-OIX);5;5;0;22000698;EUR;22710;19,36;96,8;0
POT;22;KG;9928278;NATRIJEV HIDROKSID LUŽINA (RAZTOP. NAOH);10;10;0;22000698;EUR;22710;0,75;7,5;0
POM;22;KG;9926660;NATRIJEV KARBONAT KALCIRAN;35;35;0;22000698;EUR;22710;0,53;18,55;0
POM;22;KG;9903916;OCETNA KISLINA TEHN 80%, 50KG;3;3;0;22000698;EUR;22710;0,93;2,79;0
POM;22;KG;9926291;RUCOWET VH;9;9;0;22000698;EUR;22710;4,65;41,85;0
POT;22;KG;9903586;SOLNA KISLINA HCL;60;60;0;22000698;EUR;22710;0,42;25,2;0
POM;22;KG;9941258;TC OKOSTABIL;3;3;0;22000698;EUR;22710;3,15996;9,48;0
POM;22;KG;9941259;TC-DISPERGATOR;4;4;0;22000698;EUR;22710;3,22704;12,91;0
POM;22;KG;9927877;TEXTY EH TKI HRASTNIK;10;10;0;22000698;EUR;22710;1,58;15,8;0
POM;22;KG;9927058;VODIKOV PEROKSID H2O2 35% TEH;60;60;0;22000698;EUR;22710;0,76;45,6;0
POM;22;KG;9947373;BEISOL T 2090 (130KG) CHT SWITERLAND;60;60;0;22000698;EUR;22710;1,81517;108,91;0
POM;22;KG;9926887;JOWAT CLEANER 402.32;10;10;0;22000698;EUR;22710;12,59899;125,99;0
POM;22;KG;9929954;MASTERBATCHES MARKETAN UG MODRA 1102883;0,5;0,5;0;22000698;EUR;22710;14,04;7,02;0
MAT;22;M2;9942817;"PE-130 K ATC/6400 8FBI W:1,8M;L:150LM";8100;8100;0;22000697;EUR;22210;0,29785;2412,59;0
MAT;22;KOS;9942103;MINI 10/1, EP;1000;1000;0;22000697;EUR;22210;0;0;0
MAT;22;M2;9925503;FLIS/K 45%CEL:55%PES FKB 250G/M2 185CM;690;690;0;22000697;EUR;22210;0,66;455,4;0
POM;22;KG;9947427;DERUSOSOL VU25/L, 120KG DRUM;480;480;0;22000697;EUR;22210;3,01632;1447,83;0
POM;22;KOM;9945244;T-2510 (PLOŠČA 4X2M);4;4;0;22000697;EUR;22210;118;472;0
MAT;22;KG;9923865;VL.PES 3,3/66 DULL EXTRA/VS WHITE MOGILJ;233,1065;233,1065;0;22000697;EUR;22210;1,56239;364,2;0
MAT;22;KG;9924120;VL.PES 17/64 EKU NOVALFA;283;283;0;22000697;EUR;22210;1,32242;374,24;0
MAT;22;KG;9934231;VL.META ARAMID 2,0D/51MM HUVIS;50;50;0;22000697;EUR;22210;16,99736;849,87;0
MAT;22;M2;9938160;GUMIRANA TKANINA ZA DG1/40HS, CL.609;13,48;13,48;0;22000697;EUR;22210;24,70031;332,96;0
MAT;22;KG;9946292;VL.PES 6,7/64 RECYCLED BLACK FLEXX;28,6;28,6;0;22000697;EUR;22210;1,78119;50,94;0
MAT;22;M2;9946653;FLIS/F ARR 190G/M2 230CM;690;690;0;22000697;EUR;22210;1,977;1364,13;0
MAT;22;KG;9947081;VL.PES 17/63 P6115 RESISTAT;30,8;30,8;0;22000697;EUR;22210;17,03868;524,79;0
MAT;22;M2;9947407;ES-250 1.00MM-1500 #27 ANTRACIT M;0,5;0,5;0;22000697;EUR;22210;1,62673;0,81;0
MAT;22;KG;9947989;FILAM. PES 1100DTEX VO/192 T28 0806/45;4;4;0;22000697;EUR;22210;2,1;8,4;0
POM;22;KG;9945498;PHOBOL CP-R, 200KG;0,01;0,01;0;22000697;EUR;22210;16,91;0,17;0
POT;22;KOS;9934091;TULEC KART. 76/84 X 2200 N1;638;638;0;22000697;EUR;22210;1,79219;1143,42;0
POT;22;KOS;9945671;TULEC KART. 55/60 X 1500 S Z LEP.TRAKOM;1209;1209;0;22000697;EUR;22210;0,98596;1192,03;0
POT;22;M2;9947697;TRAK ZA OBLOGO VALJEV NGO POT MAT  100MM;0,01;0,01;0;22000697;EUR;22210;21603;216,03;216,03
POT;22;KG;192414;FOLIJA PE 0,06 X 4000 MM REG.EKO;0,5;0,5;0;22000697;EUR;22210;1,8;0,9;0
POT;22;KOS;9927941;EMBALAŽA ROČKA 60L AMONIAK, OCETNA KISLI;19;19;0;22000697;EUR;22210;20;380;0
POT;22;KOS;9928329;EMBALAŽA SOD 160L ACETON;1;1;0;22000697;EUR;22210;40;40;0
POT;22;KOS;9940517;TULEC KART. 152/167 X 2050 N;71;71;0;22000697;EUR;22210;6,02718;427,93;0
POT;22;KOS;9947764;PALETA 800 X 800 X 144 NOVA-EURO SISTEM;50;50;0;22000697;EUR;22210;0;0;0
POT;22;KOS;9947870;POKROV ZA PALETO 3X3 800X800;50;50;0;22000697;EUR;22210;0;0;0
POT;22;KOS;9945228;TULEC KART. 76/84 X 2300MM N1;230;230;0;22000697;EUR;22710;0;0;0
POM;22;KG;9941720;VEZIVO VINNOL CEN 2752, 150KG;300;300;0;22000697;EUR;22210;1,60727;482,18;0
POT;22;KOS;438790;PALETA 1200X 800X150 RABLJENA;215;215;0;22000697;EUR;22210;5,5;1182,5;0
POT;22;KOS;9928153;EMBALAŽA IBC PE 1000L AL.KLORID PAC,NAOH;8;6;0;22000697;EUR;22210;160;1280;0
POT;22;KOS;9935774;PALETA C2-65MM, 2000X800 S KORITOM HT;137;137;0;22000697;EUR;22210;29,9;4096,3;0
POT;22;KOS;9940873;PALETA 800 X 800 X 120;100;100;0;22000697;EUR;22210;7,5;750;0
POT;22;KOS;9943083;VREČKA PP 170 X340+40 Z LEP.TRAKOM ROZEN;11700;0;0;22000696;EUR;22210;0,0318;372,06;0
POT;22;KOS;9943459;VREČKA PP 300X400+40 LEP.TRAK (HOLLAND);39600;0;0;22000696;EUR;22210;0,05377;2129,29;0
POM;22;KOS;9942679;VREČKA PP EVRL.+SELOT.210X230+45-0,038;50000;0;0;22000696;EUR;22210;0,0279;1395;0
POM;22;KOS;9942866;VREČKE PP 225 X 255+40 Z LEP.TR.;40000;0;0;22000696;EUR;22210;0,02897;1158,8;0
MAT;22;KOS;9939679;PROTECTOR PAUL KOCH RDEČ VELIK;2000;0;0;22000696;EUR;22210;0,1575;315;0
MAT;22;KOS;9939680;PROTECTOR PAUL KOCH RDEČ MALI;2050;0;0;22000696;EUR;22210;0,1575;322,88;0
MAT;22;KOS;9939681;PROTECTOR PAUL KOCH SIVI VELIK;2050;0;0;22000696;EUR;22210;0,1575;322,88;0
POT;22;KOS;9929540;VEZNI TRAK VT-015 295;1200;1200;0;22000695;EUR;22610;0,02462;29,54;0
POM;22;KG;9917159;VULKACIT ZM/VULKACIT ZMBT-PRAH-ADR!,20KG;80;80;0;22000694;EUR;22210;5,74;459,2;0
POM;22;KG;9937518;VULKACIT ZDEC/OCTOCURE ZDE-100 TRCC,20KG;120;120;0;22000694;EUR;22210;4,8;576;0
POM;22;KG;9938118;ŽVEPLO, 25KG ADR-UN1350!;150;150;0;22000694;EUR;22210;1,11;166,5;0
POM;22;KG;9946355;ZNO (GOLD SEAL) PRAH - ADR!, 25KG;1000;1000;0;22000694;EUR;22210;3,9;3900;0
POM;22;KG;9939500;SOPROPHOR TS10, 200KG;200;200;0;22000694;EUR;22210;8,2;1640;0
POM;22;KG;9938618;CLEAR MCS, 130KG;130;130;0;22000694;EUR;22210;4,5;585;0
POM;22;KG;1044893;TAMOL NN 9104 - 25KG;50;50;0;22000694;EUR;22210;5,11;255,5;0
POM;22;KG;1001140;AMONIJAK 25%, 50KG;100;100;0;22000693;EUR;22210;1,205;120,5;0
POM;22;KG;9925564;COAGULANT TEGO 4720 EVONIK, 50/200KG;100;100;0;22000693;EUR;22210;17,91;1791;0
POM;22;KG;9924622;BARVA MINERPRINT BLUE B HC;840;840;0;22000692;EUR;22220;6,05;5082;0
POM;22;KG;9934844;BARVA MINERPRINT BROWN RM HC MINERVA;300;300;0;22000692;EUR;22220;6,35;1905;0
POM;22;KG;9935680;BARVA MINERPRINT VIOLET RL;60;60;0;22000692;EUR;22220;33;1980;0
POM;22;KG;9935684;BARVA MINERPRINT YELLOW 2GI MINERV;150;150;0;22000692;EUR;22220;6,65;997,5;0
POM;22;KG;9935685;BARVA MINERPRINT GOLD YELLOW RF HC;390;390;0;22000692;EUR;22220;9,9;3861;0
POM;22;KG;9938732;BARVA MINERPRINT GREEN B;450;450;0;22000692;EUR;22220;8,55;3847,5;0
POM;22;KG;9938733;BARVA MINERPRINT RED BTL;180;180;0;22000692;EUR;22220;9,55;1719;0
POM;22;KG;9940104;BARVA MINERPRINT RED OXIDE B;360;360;0;22000692;EUR;22220;4,75;1710;0
POM;22;KG;9944966;BARVA MINERPRINT BROWN MTI HC MINERVA;30;30;0;22000692;EUR;22220;5,9;177;0
POM;22;KG;9945707;BARVA MICRONIL YELLOW KM MINERVA;390;390;0;22000692;EUR;22220;4;1560;0
POL;22;M2;9928920;POL.M-130(OB.541-600 MM)  250MM*580MM;0,145;0,145;0;22000691;EUR;23410;93,93;13,62;13,61985
POL;22;M2;9928927;POL.M-130(OB.1741-2150 MM)  540MM*1830MM;0,9882;0,9882;0;22000691;EUR;23410;93,93;92,82;92,82163
POL;22;M2;9928927;POL.M-130(OB.1741-2150 MM)  510MM*1900MM;0,969;0,969;0;22000691;EUR;23410;93,93;91,02;91,01817
POL;22;M2;9928934;"POL-TM YRM-460 ; 700MM*3890MM";13,615;13,615;0;22000691;EUR;23410;150,9805;2055,6;411,1199
POL;22;M2;9948261;POL.NOVBELT 600 NA 5,5/2000 GREEN;3,78;3,78;0;22000690;EUR;22210;47,0132;177,71;0
POL;22;M2;9948262;POL.FLATEX LL 200*100*2000-O;0,2;0,2;0;22000690;EUR;22210;207,73;41,55;41,546
POL;22;M2;9948263;POL.FLATEX LL 100*200*10000-O;2;2;0;22000690;EUR;22210;178,63;357,26;357,26
POL;22;M2;9948264;POL.FLATEX JERMEN GG 200 10/10*30*10000-;1,5;1,5;0;22000690;EUR;22210;165;247,5;49,5
IZD;22;M2;441161;FILTER PE-401 HGT;430;430;0;22000689;EUR;22210;0;0;0
IZD;22;LM;9928088;CENTELIN 523/5 150 CM BLACK WEFT;400;400;0;22000688;EUR;22710;0;0;0
IZD;22;LM;9928501;CENTELIN 523 150 CM;300;300;0;22000688;EUR;22710;0;0;0
IZD;22;LM;9928090;CENTELIN 100/1 90 CM BEL;100;100;0;22000688;EUR;22710;0,5;50;0
IZD;22;LM;9926348;CENTELIN 901 150 CM;347;347;0;22000688;EUR;22710;0;0;0
MAT;22;KOS;9939679;PROTECTOR PAUL KOCH RDEČ VELIK;50;50;0;22000687;EUR;22210;0,1575;7,88;0
MAT;22;KG;9947990;SILCARBON K3060;75;75;0;22000686;EUR;22710;3,6;270;0
POM;22;KG;9917159;VULKACIT ZM/VULKACIT ZMBT-PRAH-ADR!,20KG;160;160;0;22000685;EUR;22210;5,74;918,4;0
POM;22;KG;9937518;VULKACIT ZDEC/OCTOCURE ZDE-100 TRCC,20KG;160;160;0;22000685;EUR;22210;4,8;768;0
POM;22;KG;9938118;ŽVEPLO, 25KG ADR-UN1350!;200;200;0;22000685;EUR;22210;1,11;222;0
POM;22;KG;1001140;AMONIJAK 25%, 50KG;100;100;0;22000685;EUR;22210;1,205;120,5;0
POM;22;KG;9926868;EMULVIN WA, 60KG;60;60;0;22000685;EUR;22210;14;840;0
POM;22;KG;1044893;TAMOL NN 9104 - 25KG;50;50;0;22000685;EUR;22210;5,11;255,5;0
POM;22;KG;9936758;KALCIJEV KARBONAT 2 OMYA, 20KG;1200;1200;0;22000685;EUR;22210;0,1516;181,92;0
POM;22;KG;9944784;BARVA WHITE/BIANCO FM IBC MINERVA 1250KG;1250;1250;0;22000685;EUR;22220;5;6250;0
POM;22;KG;9938009;RUCO-COAT BC 6041, 120KG;240;240;0;22000685;EUR;22210;5,95;1428;0
IZD;22;LM;9932927;CENTELIN 901/S 150 CM;95;95;0;22000684;EUR;22710;0;0;0
IZD;22;LM;9932254;CENTELIN 6101 140 CM;151;151;0;22000684;EUR;22710;0;0;0
MAT;22;KOS;9948223;KARTON 395X195X200, F0201 KVALIT.2K/B;3753;3753;0;22000683;EUR;22610;0,289;1084,62;0
MAT;22;KG;9942576;TISKANA FOLIJA TUŠ KRPA ZA POD;42;42;0;22000683;EUR;22610;5,3025;222,71;0
POM;22;KG;9931537;LAMEX CSI (ANTIFOAM CSI), 120KG;120;120;0;22000682;EUR;22210;3,1;372;0
POM;22;KG;9935382;TEGO ANTIFOAM 2290, 50KG;50;50;0;22000682;EUR;22210;9,27;463,5;0
POM;22;KG;9938234;PLEXMET SRN, 125KG;125;125;0;22000682;EUR;22210;2,5;312,5;0
POM;22;KG;9936758;KALCIJEV KARBONAT 2 OMYA, 20KG;1200;1200;0;22000682;EUR;22210;0,1516;181,92;0
POT;22;KOS;9941506;TRAK LEP. 48MMX66M PROZ. TESA 4263-154-7;1224;0;0;22000681;EUR;22210;0,81;991,44;0
POM;22;KG;9937518;VULKACIT ZDEC/OCTOCURE ZDE-100 TRCC,20KG;20;20;0;22000680;EUR;22210;4,8;96;0
POM;22;KG;9938118;ŽVEPLO, 25KG ADR-UN1350!;25;25;0;22000680;EUR;22210;1,11;27,75;0
POM;22;KG;9946355;ZNO (GOLD SEAL) PRAH - ADR!, 25KG;1000;1000;0;22000680;EUR;22210;3,9;3900;0
POM;22;KG;1001140;AMONIJAK 25%, 50KG;100;100;0;22000680;EUR;22210;1,205;120,5;0
POM;22;KG;9925564;COAGULANT TEGO 4720 EVONIK, 50/200KG;100;100;0;22000680;EUR;22210;17,91;1791;0
POM;22;KG;9926868;EMULVIN WA, 60KG;60;60;0;22000680;EUR;22210;14;840;0
POM;22;KG;9941084;RUCO-COAT BC 7065, 150KG;150;150;0;22000680;EUR;22210;5,45;817,5;0
IZD;22;M2;9924240;NOVBELT DX 27 NA AP ANTRACIT NOVI;200;200;0;22000679;EUR;22210;5;1000;0
IZD;22;M2;9948247;SILON PE 681-FF /19-1000 ANTRACIT;1510;1510;0;22000678;EUR;22210;0;0;0
POM;22;KG;1001140;AMONIJAK 25%, 50KG;100;100;0;22000677;EUR;22210;1,205;120,5;0
POM;22;KG;9925564;COAGULANT TEGO 4720 EVONIK, 50/200KG;100;90;0;22000677;EUR;22210;17,91;1791;0
POT;22;KG;9937460;OBLOGA: /4/C14 40I 98 BREAST CYLINDER WO;60;60;0;22000676;EUR;22210;0;0;0
POT;22;KG;9937625;OBLOGA: /2/C08 10K 43 LICKERIN;54;54;0;22000676;EUR;22210;18,15908;980,59;0
POT;22;KG;9937626;OBLOGA: /3/C14 15I 109 BREAST CYLINDER;91;91;0;22000676;EUR;22210;18,15908;1652,48;0
POT;22;KG;9937629;OBLOGA: /10,11/C24 22I 212;259;259;0;22000676;EUR;22210;17,60737;4560,31;0
POT;22;KG;9938097;OBLOGA://V.O-3215--28 MAIN CYLINDER;108,5;108,5;0;22000676;EUR;22210;19,94281;2163,79;0
POT;22;KG;9938609;OBLOGA: //C24 10G 240;45;45;0;22000676;EUR;22210;17,82445;802,1;0
POT;22;KG;9940603;OBLOGA://V.G-5040W--20R WORKERS;10;10;0;22000676;EUR;22210;20,22037;202,2;0
POT;22;KG;9941451;OBLOGA: /7/C24 10G 240 MAIN CYLINDER;332;332;0;22000676;EUR;22210;17,60737;5845,65;0
POT;22;KG;9941464;OBLOGA: /8/C24 40I 252 MAIN CYLINDER WO;296;296;0;22000676;EUR;22210;17,60737;5211,78;0
POT;22;KG;9942166;OBLOGA://V.G-5030--16 TRANSFER ROLL;96;96;0;22000676;EUR;22210;16,1813;1553,4;0
POT;22;KG;9942167;OBLOGA://V.G-4020--20 BREAST CYLINDER;70;70;0;22000676;EUR;22210;18,71952;1310,37;0
POT;22;KG;9946048;OBLOGA: /12/110 40H 242B UPPER/LOWER DOF;264;264;0;22000676;EUR;22210;21,04788;5556,64;0
POT;22;KG;9946626;OBLOGA://V.G-4015--20 BREAST CYLIND.;105;105;0;22000676;EUR;22210;19,467;2044,04;0
POT;22;KG;9946627;OBLOGA://K-5040-X0,9S;145;145;0;22000676;EUR;22210;21,10478;3060,19;0
POT;22;KG;9946628;OBLOGA://M-4040-X0,9-W;26;26;0;22000676;EUR;22210;24,4419;635,49;0
POT;22;KG;9947020;OBLOGA://M-4040-X0,9-S;59;59;0;22000676;EUR;22210;19,71563;1163,22;0
POT;22;KG;9947021;OBLOGA://V.J23215-28;100;100;0;22000676;EUR;22210;21,21797;2121,8;0
POT;22;KOS;438790;PALETA 1200X 800X150 RABLJENA;440;225;0;22000675;EUR;22210;5,5;2420;0
POT;22;KOS;9919092;PALETA 1200X800X150 EURO HT;30;30;0;22000675;EUR;22210;21,4;642;0
POT;22;KOS;9934090;TULEC KART. 76/84 X 2150 N;428;428;0;22000675;EUR;22210;1,75169;749,72;0
POT;22;KOS;9928069;KARTONSKI OPORNIK 200+200/1500 3 SLOJNA;394;394;0;22000675;EUR;22210;0,99096;390,44;0
POT;22;KOS;9935774;PALETA C2-65MM, 2000X800 S KORITOM HT;185;90;0;22000675;EUR;22210;29,9;5531,5;0
POT;22;KOM;9938255;BRUSNI PAPIR P.100 PS29F - D3200*Š2220 N;50;50;0;22000675;EUR;22210;51,3;2565;0
POT;22;KOS;9939639;TRAK LEP. DVOSTR.TK. 25MM/25M TESA 4934;192;192;0;22000675;EUR;22210;4,49517;863,07;0
POT;22;KOS;9939640;TRAK LEP.DVOSTR.TK. 50MM/25M TESA 4934-2;192,8;192,8;0;22000675;EUR;22210;8,90785;1717,43;0
POT;22;KOS;9940517;TULEC KART. 152/167 X 2050 N;142;142;0;22000675;EUR;22210;6,02718;855,86;0
POT;22;KOS;9941506;TRAK LEP. 48MMX66M PROZ. TESA 4263-154-7;1224;1224;0;22000675;EUR;22210;0,81;991,44;0
POT;22;KOS;9944661;TULEC KART. 76/80 X 1500MM+DVOSL.LEP.TRA;900;900;0;22000675;EUR;22210;1,16892;1052,03;0
POT;22;KG;9947216;FOLIJA PE 1450 X 0,20 NATUR PRELOŽENA;102;102;0;22000675;EUR;22210;2,4;244,8;0
POT;22;KOS;9948087;KARTONSKO LEŽIŠCE DIA 20CM;280;280;0;22000675;EUR;22210;2,4717;692,08;0
POT;22;KOS;9948088;KARTONSKO LEŽIŠCE DIA 26CM;250;250;0;22000675;EUR;22210;2,4717;617,93;0
POT;22;KOS;9943718;PALETA 1200X800X150 EUR RABLJENA TEMNA;210;210;0;22000675;EUR;22210;16,4;3444;0
POM;22;KOS;9941213;SUKANEC FILAN 40/8000 BELI;110;110;0;22000675;EUR;22210;9,73;1070,3;0
IZD;22;M2;9939546;SILON ELAST 1,20/1500 POWDER;34,5;34,5;0;22000674;EUR;22210;0;0;0
IZD;22;M2;9939549;SILON ELAST 1,50/1500 POWDER;34,5;34,5;0;22000674;EUR;22210;0;0;0
IZD;22;M2;9940522;SILON ELAST  0,50/1500 POWDER;498;489;0;22000674;EUR;22210;0;0;0
IZD;22;M2;9937208;SILON ELAST 0,90/1500 POWDER;133;133;0;22000674;EUR;22210;0;0;0
IZD;22;M2;9938044;SILON ELAST 0,90/1500 STAR WHITE;202,5;202,5;0;22000674;EUR;22210;0;0;0
POT;22;KOS;9941506;TRAK LEP. 48MMX66M PROZ. TESA 4263-154-7;180;180;0;22000673;EUR;22610;0,81;145,8;0
POT;22;KOS;4047621;TRAK LEP. 15MMX66M PROZOREN AXISS PP MK;30;30;0;22000673;EUR;22610;0,26;7,8;0
POM;22;KG;9917159;VULKACIT ZM/VULKACIT ZMBT-PRAH-ADR!,20KG;100;100;0;22000672;EUR;22210;5,74;574;0
POM;22;KG;9937518;VULKACIT ZDEC/OCTOCURE ZDE-100 TRCC,20KG;160;160;0;22000672;EUR;22210;4,8;768;0
POM;22;KG;9938118;ŽVEPLO, 25KG ADR-UN1350!;200;200;0;22000672;EUR;22210;1,11;222;0
POM;22;KG;9925564;COAGULANT TEGO 4720 EVONIK, 50/200KG;50;50;0;22000672;EUR;22210;17,91;895,5;0
POM;22;KG;9939500;SOPROPHOR TS10, 200KG;200;200;0;22000672;EUR;22210;8,2;1640;0
POM;22;KG;1044893;TAMOL NN 9104 - 25KG;50;50;0;22000672;EUR;22210;3,95;197,5;0
POM;22;KG;9936758;KALCIJEV KARBONAT 2 OMYA, 20KG;1200;1200;0;22000672;EUR;22210;0,1516;181,92;0
POM;22;KG;9944808;BARVA BLACK OLIMPRINT R AC RAROCHEM 1100;1100;1100;0;22000672;EUR;22210;2,4;2640;0
POM;22;KG;9944784;BARVA WHITE/BIANCO FM IBC MINERVA 1250KG;1250;1250;0;22000672;EUR;22220;5;6250;0
MAT;22;KOS;9947363;PROTECTOR GREEN17 TESCOMA OBL,38 CM;8300;8300;0;22000671;EUR;22210;0,15;1245;0
MAT;22;KOS;9941862;PROTECTOR GREY6 TESC.OBL. 38 DIAM.;7700;7700;0;22000671;EUR;22210;0,1575;1212,75;0
POM;22;KOS;9946543;FUTROLA PLASTIČNA-TRNANSP.BELA;10200;10200;0;22000671;EUR;22210;0,6392;6519,84;0
MAT;22;KOS;9940236;K/FILTER F5/100 82961 46X57 2/1;23100;23100;0;22000671;EUR;22210;0,15435;3565,49;0
POT;22;KOS;9947195;KARTON 390X180X260 S PERF. TISKAN ŠPANIJ;2660;2660;0;22000671;EUR;22210;0,77894;2071,98;0
POM;22;KOS;9947197;VREČKA PP 290 X 400 MM BAJETA ŠPANIJA;88400;88400;0;22000671;EUR;22210;0,07692;6799,73;0
MAT;22;KOS;9935130;K/MULTI L BLUE 1 17X19 MAT;28000;28000;0;22000671;EUR;22210;0,06048;1693,44;0
MAT;22;M2;9933695;K/WINDOW IV PERFO Š. 39 CM;4625,27;4625,27;0;22000671;EUR;22210;1,7;7862,96;0
POM;22;KG;9938732;BARVA MINERPRINT GREEN B;90;90;0;22000670;EUR;22220;8,55;769,5;0
POM;22;KG;9935685;BARVA MINERPRINT GOLD YELLOW RF HC;30;30;0;22000670;EUR;22220;9,9;297;0
POM;22;KG;9934844;BARVA MINERPRINT BROWN RM HC MINERVA;60;60;0;22000670;EUR;22220;6,35;381;0
POM;22;KG;9935684;BARVA MINERPRINT YELLOW 2GI MINERV;30;30;0;22000670;EUR;22220;6,65;199,5;0
POM;22;KG;9945707;BARVA MICRONIL YELLOW KM MINERVA;60;60;0;22000670;EUR;22220;4;240;0
POM;22;KG;9941147;BARVA MINERPRINT REDVIOLET EB LIQ AC;70;70;0;22000670;EUR;22220;6,5;455;0
POM;22;KG;9940104;BARVA MINERPRINT RED OXIDE B;90;90;0;22000670;EUR;22220;4,75;427,5;0
POM;22;KG;9917159;VULKACIT ZM/VULKACIT ZMBT-PRAH-ADR!,20KG;425;425;0;22000669;EUR;22210;5,74;2439,5;0
POM;22;KG;9937518;VULKACIT ZDEC/OCTOCURE ZDE-100 TRCC,20KG;415;415;0;22000669;EUR;22210;4,8;1992;0
POM;22;KG;9938118;ŽVEPLO, 25KG ADR-UN1350!;470;470;0;22000669;EUR;22210;1,11;521,7;0
POM;22;KG;9940059;ZNO (GOLD SEAL) PELLETS - ADR!, 25KG;1000,00999;1000,00999;0;22000669;EUR;22210;3,415;3415,03;0
POM;22;KG;1001140;AMONIJAK 25%, 50KG;99,99999;99,99999;0;22000669;EUR;22210;1,205;120,5;0
POM;22;KG;9926868;EMULVIN WA, 60KG;70;70;0;22000669;EUR;22210;14;980;0
POM;22;KG;9903916;OCETNA KISLINA TEHN 80%, 50KG;30;30;0;22000669;EUR;22210;2,09;62,7;0
POM;22;KG;9934882;RUCOWET FN, 120KG;120,00099;120,00099;0;22000669;EUR;22210;1,5;180;0
POM;22;KG;9941084;RUCO-COAT BC 7065, 150KG;600;600;0;22000669;EUR;22210;5,45;3270;0
POM;22;KG;9941085;RUCO-COAT FX 8041, 120KG;240;240;0;22000669;EUR;22210;11,98;2875,2;0
POM;22;KG;9931537;LAMEX CSI (ANTIFOAM CSI), 120KG;240;240;0;22000669;EUR;22210;3,1;744;0
POM;22;KG;9935382;TEGO ANTIFOAM 2290, 50KG;50;50;0;22000669;EUR;22210;9,27;463,5;0
POM;22;KG;1044893;TAMOL NN 9104 - 25KG;10;10;0;22000669;EUR;22210;3,95;39,5;0
POM;22;KG;9919252;TUBISCREEN FIX (BETA TISK);15;15;0;22000669;EUR;22210;5,88;88,2;0
POM;22;KG;9936758;KALCIJEV KARBONAT 2 OMYA, 20KG;1200;1200;0;22000669;EUR;22210;0,1516;181,92;0
POM;22;KG;9946286;SANITIZED TH 27-24, 25KG;60;60;0;22000669;EUR;22210;48,2;2892;0
POT;22;KG;9946914;NATRIJEV HIDROKSID NAOH LUŽINA 50%,;1200;1200;0;22000669;EUR;22210;0,675;810;0
MAT;22;KG;9948029;ADIFLAM BA 100/31 E, 250KG DRUM;300;300;0;22000669;EUR;22210;7,28333;2185;0
MAT;22;KG;9939884;LEFASOL 464, 30/100KG;30;30;0;22000669;EUR;22210;2,47;74,1;0
POM;22;KG;9947032;TUBALL COAT E H20 0,4% (DBD);100;100;0;22000669;EUR;22210;12;1200;0
POM;22;KG;9935684;BARVA MINERPRINT YELLOW 2GI MINERV;10;10;0;22000668;EUR;22220;6,65;66,5;0
POM;22;KG;9935685;BARVA MINERPRINT GOLD YELLOW RF HC;120;120;0;22000668;EUR;22220;9,9;1188;0
POM;22;KG;9924622;BARVA MINERPRINT BLUE B HC;90;90;0;22000668;EUR;22220;6,05;544,5;0
POM;22;KG;9938732;BARVA MINERPRINT GREEN B;60;60;0;22000668;EUR;22220;8,55;513;0
POM;22;KG;9934844;BARVA MINERPRINT BROWN RM HC MINERVA;120;120;0;22000668;EUR;22220;6,35;762;0
POM;22;KG;1000624;VULKAN XC 72R (SAJE), 5KG;5;5;0;22000667;EUR;22210;18,05;90,25;0
POM;22;KG;1000683;RESORCIN DS TEHN.;50;50;0;22000667;EUR;22210;19,5;975;0
POM;22;KG;6600053;ULTRAMID 1 C, 20KG;100;100;0;22000667;EUR;22210;17,93;1793;0
POM;22;KG;1001140;AMONIJAK 25%, 50KG;100;100;0;22000666;EUR;22210;1,205;120,5;0
POM;22;KG;9926868;EMULVIN WA, 60KG;60;60;0;22000666;EUR;22210;14;840;0
POM;22;KG;9938234;PLEXMET SRN, 125KG;125;125;0;22000666;EUR;22210;2,5;312,5;0
POM;22;KG;9936758;KALCIJEV KARBONAT 2 OMYA, 20KG;1200;1200;0;22000666;EUR;22210;0,1516;181,92;0
MAT;22;KG;9939883;LEFASOL VS 3, 20KG;30;30;0;22000666;EUR;22210;12,2;366;0
MAT;22;KG;9939884;LEFASOL 464, 30/100KG;120;120;0;22000666;EUR;22210;2,47;296,4;0
POM;22;KG;9937518;VULKACIT ZDEC/OCTOCURE ZDE-100 TRCC,20KG;20;20;0;22000666;EUR;22210;4,8;96;0
POM;22;KG;9938118;ŽVEPLO, 25KG ADR-UN1350!;25;25;0;22000666;EUR;22210;1,11;27,75;0
POM;22;KG;1044893;TAMOL NN 9104 - 25KG;25;25;0;22000666;EUR;22210;3,95;98,75;0
IZD;22;LM;9943543;CENTELIN 581 150 CM;100;100;0;22000665;EUR;22710;0;0;0
IZD;22;LM;9941324;CENTELIN 581/3 150 CM BLACK;100;100;0;22000665;EUR;22710;0;0;0
MAT;22;KOS;9918324;K/KRPA FLISNA 38X38 CM;120000;120000;0;22000664;EUR;22210;0,06143;7371,6;0
POT;22;KOS;8800368;KARTON 540X420X270 3 SLOJNA LEPENKA 2K/B;5615;5615;0;22000664;EUR;22210;0,778;4368,47;0
POM;22;KG;9941084;RUCO-COAT BC 7065, 150KG;450;450;0;22000663;EUR;22210;5,45;2452,5;0
POM;22;KG;9941085;RUCO-COAT FX 8041, 120KG;120;120;0;22000663;EUR;22210;11,98;1437,6;0
POM;22;KG;9918354;KNITEX CHN (LYOFIX CHN), 140KG;140;140;0;22000663;EUR;22210;3,65;511;0
POM;22;KG;1044893;TAMOL NN 9104 - 25KG;25;25;0;22000663;EUR;22210;3,95;98,75;0
POM;22;KG;9936758;KALCIJEV KARBONAT 2 OMYA, 20KG;1200;1200;0;22000663;EUR;22210;0,1516;181,92;0
MAT;22;M2;9911014;PVC FOLIJA (ZELENA) TC.29;20;20;0;22000662;EUR;22410;9,8006;196,01;0
MAT;22;M;9904944;PVC PROFIL K 10*300M;300;300;0;22000662;EUR;22410;0,4435;133,05;133,053
TRG;22;M;9932681;PROFIL KN10 ES.56;300;300;0;22000662;EUR;22410;0,455;136,5;0
TRG;22;M;9945871;PROFIL KN17 ES.33;100;100;0;22000662;EUR;22410;1,25115;125,12;0
POM;22;KG;1001140;AMONIJAK 25%, 50KG;100;100;0;22000661;EUR;22210;1,205;120,5;0
POM;22;KG;9925564;COAGULANT TEGO 4720 EVONIK, 50/200KG;50;50;0;22000661;EUR;22210;17,91;895,5;0
POM;22;KG;9939500;SOPROPHOR TS10, 200KG;200;200;0;22000661;EUR;22210;8,2;1640;0
POM;22;KG;9937518;VULKACIT ZDEC/OCTOCURE ZDE-100 TRCC,20KG;40;40;0;22000661;EUR;22210;4,8;192;0
POM;22;KG;9938118;ŽVEPLO, 25KG ADR-UN1350!;50;50;0;22000661;EUR;22210;1,11;55,5;0
POM;22;KG;9946355;ZNO (GOLD SEAL) PRAH - ADR!, 25KG;1000;800;0;22000661;EUR;22210;3,9;3900;0
IZD;22;M2;9942100;FILTER PE-401 AGT BT OH 220;220;220;0;22000661;EUR;22210;0;0;0
IZD;22;M2;9938122;FILTER PE-551 HGT 220;198;198;0;22000660;EUR;22210;0;0;0
IZD;22;M2;9908921;NOVBELT 160 G 1,6/2120;520;520;0;22000659;EUR;22210;0,1;52;0
POM;22;KG;1044893;TAMOL NN 9104 - 25KG;25;25;0;22000658;EUR;22210;3,95;98,75;0
POM;22;KG;9917159;VULKACIT ZM/VULKACIT ZMBT-PRAH-ADR!,20KG;80;80;0;22000658;EUR;22210;5,74;459,2;0
POM;22;KG;9937518;VULKACIT ZDEC/OCTOCURE ZDE-100 TRCC,20KG;80;80;0;22000658;EUR;22210;4,8;384;0
POM;22;KG;9946355;ZNO (GOLD SEAL) PRAH - ADR!, 25KG;200;200;0;22000658;EUR;22210;3,9;780;0
POM;22;KG;9938118;ŽVEPLO, 25KG ADR-UN1350!;50;50;0;22000658;EUR;22210;1,11;55,5;0
POM;22;KG;1001140;AMONIJAK 25%, 50KG;50;50;0;22000657;EUR;22210;1,205;60,25;0
POM;22;KG;9925564;COAGULANT TEGO 4720 EVONIK, 50/200KG;60;60;0;22000657;EUR;22210;17,91;1074,6;0
POM;22;KG;9935382;TEGO ANTIFOAM 2290, 50KG;50;50;0;22000657;EUR;22210;9,27;463,5;0
POM;22;KG;1044893;TAMOL NN 9104 - 25KG;25;25;0;22000657;EUR;22210;3,95;98,75;0
POM;22;KG;9936758;KALCIJEV KARBONAT 2 OMYA, 20KG;1200;1200;0;22000657;EUR;22210;0,1516;181,92;0
POT;22;KOS;8800368;KARTON 540X420X270 3 SLOJNA LEPENKA 2K/B;575;575;0;22000656;EUR;22610;0,68502;393,89;0
POT;22;KOS;8801033;KARTON 550X420X560 3 SLOJNA LEPENKA;250;250;0;22000656;EUR;22610;1,09731;274,33;0
POT;22;KOS;9908904;KARTON 340X330X220 3 SLOJNA LEPENKA;120;120;0;22000656;EUR;22610;0,2942;35,3;0
POM;22;KOS;9938673;KARTON 1500X800X600 5 SLOJNI;90;90;0;22000656;EUR;22610;5,50319;495,29;0
POT;22;KOS;9939800;KARTON 360X245X230 3 SLOJNA LEPENKA;570;570;0;22000656;EUR;22610;0,38259;218,08;0
MAT;22;KOS;9941019;KARTON SRP 210X380X250 + U POKROV 2B/B;250;250;0;22000656;EUR;22610;0,68708;171,77;0
MAT;22;KOS;9942025;KARTON SRP 190X440X210 + U POKROV 2B/B;510;510;0;22000656;EUR;22610;0,76097;388,09;0
MAT;22;KOS;9942755;KARTON SRP TIPITOP TISK 380X380X800;170;170;0;22000656;EUR;22610;2,93196;498,43;0
MAT;22;KOS;9942756;KARTON SRP TIPITOP TISK 380X380X1250;170;170;0;22000656;EUR;22610;3,66598;623,22;0
MAT;22;KOS;9945832;KARTON SRP 215X290X200 + U POK.2B/B INOX;860;860;0;22000656;EUR;22610;0,49284;423,84;0
MAT;22;KOS;9948223;KARTON 395X195X200, F0201 KVALIT.2K/B;4170;417;0;22000656;EUR;22610;0,289;1205,13;0
POT;22;KG;9901285;FOLIJA PE ČREVO DEB. 0,05 MM X ŠIR. 300;50,5;50,5;0;22000656;EUR;22610;2,69;135,85;0
POT;22;KG;9901289;FOLIJA PE ČREVO DEB. 0,05 MM  X  ŠIR.500;20,5;20,5;0;22000656;EUR;22610;2,24;45,92;0
POT;22;KOS;9935076;FOLIJA PP,NEVTRALNA,25 MY,DIM.450MMX1500;10;10;0;22000656;EUR;22610;43;430;0
MAT;22;KG;9941015;TISKANA FOLIJA DAX KRPA ZA POD;22;22;0;22000656;EUR;22610;5,3025;116,66;0
MAT;22;KG;9941016;TISKANA FOLIJA DAX SPUŽVASTA KRPA;46,3;46,3;0;22000656;EUR;22610;6,8015;314,91;0
MAT;22;KG;9942576;TISKANA FOLIJA TUŠ KRPA ZA POD;26;26;0;22000656;EUR;22610;5,3025;137,87;0
POT;22;KOS;313971;VREČKA PE D.:270 X Š.:450 X 0,03MM;1000;1000;0;22000656;EUR;22610;0,022;22;0
POT;22;KOS;9901010;VREČKA PE  370 X 450 X 0,03 MM;1000;1000;0;22000656;EUR;22610;0,0305;30,5;0
POT;22;KOS;9911832;VREČKA PE Š:500XD:500X0,03MM;1225;1225;0;22000656;EUR;22610;0,048;58,8;0
POT;22;KOS;9911990;VREČKA PE 300 X 440 X 0,03 MM;1042;1042;0;22000656;EUR;22610;0,024;25,01;0
POT;22;KOS;9912607;VREČKA PE DIM. D:550(ODPRT)XŠ:500X0,03;1200;1200;0;22000656;EUR;22610;0,058;69,6;0
POT;22;KOS;9913002;VREČKA PE  300 X 550 X 0,03MM;1192;1192;0;22000656;EUR;22610;0,03;35,76;0
POT;22;KOS;9915346;VREČKA PP Z EURO IZSEKOM 210X290+50X0,05;500;500;0;22000656;EUR;22610;0,021;10,5;0
POT;22;KOS;9919139;VREČKA PE Š.:230 X D.:550 X 0,03MM;2500;2500;0;22000656;EUR;22610;0,025;62,5;0
POM;22;KOS;9942679;VREČKA PP EVRL.+SELOT.210X230+45-0,038;4000;4000;0;22000656;EUR;22610;0,032;128;0
MAT;22;KOS;9942971;VREČKA PP EURO+SL 250X320+40+40X0,04,A2G;2000;2000;0;22000656;EUR;22610;0,0428;85,6;0
MAT;22;KOS;9943012;VREČKA PE MG+ZIP 88X600+30X0,06, DUSTER;500;500;0;22000656;EUR;22610;0,0355;17,75;0
POT;22;KOS;9943459;VREČKA PP 300X400+40 LEP.TRAK (HOLLAND);2030;2030;0;22000656;EUR;22610;0,05757;116,87;0
MAT;22;KOS;9943634;VREČKA RUBBER E.SL.PP 140X225+30+40X0,04;6000;6000;0;22000656;EUR;22610;0,0472;283,2;0
MAT;22;KOS;9945938;VREČKA PE MG+ZIP 200X575+30X0,07, PMA5V1;500;500;0;22000656;EUR;22610;0,0744;37,2;0
POT;22;KOS;9941506;TRAK LEP. 48MMX66M PROZ. TESA 4263-154-7;108;108;0;22000656;EUR;22610;0,81;87,48;0
POT;22;KOS;9929540;VEZNI TRAK VT-015 295;1300;1300;0;22000656;EUR;22610;0,02462;32,01;0
POT;22;KOS;9932111;VEZNI TRAK VT 013200 BELE;1300;1300;0;22000656;EUR;22610;0,00942;12,25;0
MAT;22;KOS;9947584;KOVINSKA SPIRALNA GOBICA INOX 15 G RINF;8695;8695;0;22000656;EUR;22610;0,08;695,6;0
MAT;22;KOS;6110230;WC ŠČETKA-JEŽEK PVC PROFI M;5;0;0;22000656;EUR;22610;0,31;1,55;0
MAT;22;KOS;9928220;ADAPTER PLASTIČNI;2092;2092;0;22000656;EUR;22610;0,08;167,36;0
MAT;22;KOS;9932487;VRV ZA PERILO Z JEKL.POLNILOM 20M YORK;10;0;0;22000656;EUR;22610;0,5;5;0
MAT;22;KOS;9934548;REZERVNA KRPA BOMBAŽ ZA ČIST.MOPEX;5;0;0;22000656;EUR;22610;1,23;6,15;0
MAT;22;KOS;9940772;2S2CR SUPERDRY MINI;14;14;0;22000656;EUR;22610;14,3088;200,32;0
MAT;22;KOS;9940773;2S3CR SUPERDRY WING;5;5;0;22000656;EUR;22610;10,8108;54,05;0
MAT;22;KOS;9940776;221SA FASHIONDRY;3;3;0;22000656;EUR;22610;28,0368;84,11;0
MAT;22;KOS;9940777;2X30 VIP PICCOLO;19;19;0;22000656;EUR;22610;2,6268;49,91;0
MAT;22;KOS;9945341;SPRAY MOP REFILL / YORK;262;262;0;22000656;EUR;22610;0,99;259,38;0
MAT;22;KOS;9947575;KOFIL FK  N  G4  0,5 790X720X98 - MAT;1;1;0;22000656;EUR;22610;8,41;8,41;0
MAT;22;KOS;9936612;FLEXI VRTNA RAZTEGLJIVA CEV 2,5M-7,5M;32;32;0;22000656;EUR;22610;5,09869;163,16;0
MAT;22;KOS;9936613;FLEXI VRTNA RAZTEGLJIVA CEV 5M-15,5M;18;18;0;22000656;EUR;22610;7,94448;143;0
MAT;22;KOS;9936614;DRŽALO ZA FLEXI;404;404;0;22000656;EUR;22610;0,56916;229,94;0
MAT;22;KOS;9936888;WELLOS KERAMIČNI FILTER ZA KUH. PIPO;86;86;0;22000656;EUR;22610;5,63837;484,9;0
MAT;22;KOS;9936889;WELLOS TUŠ ROČKA KERAMIČNI VLOŽEK;32;32;0;22000656;EUR;22610;9,6627;309,21;0
MAT;22;KOS;9936890;WELLOS REZERVNI FILTER ZA KUH. PIPO;12;12;0;22000656;EUR;22610;2,80674;33,68;0
MAT;22;KOS;9936891;WELLOS REZERVNI VLOŽEK ZA TUŠ ROČKO;8;8;0;22000656;EUR;22610;1,7526;14,02;0
MAT;22;KOS;9939642;REZERVA SPIN 3D 2/1;228;228;0;22000656;EUR;22610;2,12504;484,51;0
MAT;22;KOS;9934654;PMA H2O REZERVNA KRPA 3/1;304;304;0;22000656;EUR;22610;1,4481;440,22;0
MAT;22;KOS;9935649;TT ROBOT B;107;107;0;22000656;EUR;22610;106,85178;11433,14;0
MAT;22;KOS;9938849;PG MASAŽNI NEDRČEK;1;1;0;22000656;EUR;22610;15,9761;15,98;0
MAT;22;KOS;9938850;PG OBLIKOVALEC PRSI;31;31;0;22000656;EUR;22610;7,27598;225,56;0
MAT;22;KOS;9939919;TTWINDOW;18;18;0;22000656;EUR;22610;15,16894;273,04;0
MAT;22;KOS;9939934;TTWINDOW 2;7;7;0;22000656;EUR;22610;18,49213;129,44;0
MAT;22;KOS;9942884;BREZŽIČNE SLUŠALKE ECO;5;5;0;22000656;EUR;22610;14,85179;74,26;0
MAT;22;KOS;9947207;BATERIJA TT ROBOT / WHBW-3000;6;6;0;22000656;EUR;22610;19,309;115,85;0
MAT;22;KOS;9937688;S2 ROBOT;102;102;0;22000656;EUR;22610;101,94132;10398,01;0
MAT;22;KOS;9938502;BATERIJA TT ROBOT S2;27;27;0;22000656;EUR;22610;17,055;460,49;0
MAT;22;KOS;9940493;PMA H10;5;5;0;22000656;EUR;22610;9,99262;49,96;0
MAT;22;KOS;9947206;BATERIJA TT ROBOT / WHBW-2000;7;7;0;22000656;EUR;22610;17,74153;124,19;0
MAT;22;KG;9948029;ADIFLAM BA 100/31 E, 250KG DRUM;3000;1500;0;22000655;EUR;22210;7,28333;21849,99;0
POT;22;KG;192414;FOLIJA PE 0,06 X 4000 MM REG.EKO;2458;2458;0;22000654;EUR;22230;1,9;4670,2;0
POT;22;KOS;9938346;TULEC KART. 76/84 X 1500MM N;688;668;0;22000654;EUR;22230;1,32829;913,86;0
POT;22;KOS;9944147;TULEC KART. 76/84 X 2450MM N;1260;1260;0;22000654;EUR;22230;2,13772;2693,53;0
POT;22;KG;9944472;FOLIJA STREČ ROČNA 500 X 17 MICR., 5KG;600;600;0;22000654;EUR;22230;1,97;1182;0
POT;22;KOS;9945228;TULEC KART. 76/84 X 2300MM N1;867;867;0;22000654;EUR;22230;1,99244;1727,45;0
IZD;22;M2;9930469;"K/MULTI L FRESH WET YELL10;-LEMON GREE15";590;0;0;22000653;EUR;22210;0;0;0
POM;22;KG;1001140;AMONIJAK 25%, 50KG;100;100;0;22000652;EUR;22210;1,205;120,5;0
POM;22;KG;9925564;COAGULANT TEGO 4720 EVONIK, 50/200KG;100;100;0;22000652;EUR;22210;17,91;1791;0
POM;22;KG;1044893;TAMOL NN 9104 - 25KG;25;25;0;22000652;EUR;22210;3,95;98,75;0
POM;22;KG;9938234;PLEXMET SRN, 125KG;125;125;0;22000652;EUR;22210;2,5;312,5;0
IZD;22;M2;9948101;FILTER PE-358 HGT EN;230;215;0;22000651;EUR;22210;0;0;0
MAT;22;KOS;9940900;ČISTILNA GOBICA 10/1 KS;551;551;0;22000650;EUR;22610;0,215;118,47;0
POM;22;KG;9937518;VULKACIT ZDEC/OCTOCURE ZDE-100 TRCC,20KG;20;20;0;22000649;EUR;22210;4,8;96;0
POM;22;KG;9938118;ŽVEPLO, 25KG ADR-UN1350!;25;25;0;22000649;EUR;22210;1,11;27,75;0
POM;22;KG;9936758;KALCIJEV KARBONAT 2 OMYA, 20KG;2400;2400;0;22000649;EUR;22210;0,1516;363,84;0
POM;22;KG;9937518;VULKACIT ZDEC/OCTOCURE ZDE-100 TRCC,20KG;100;100;0;22000648;EUR;22210;4,8;480;0
POM;22;KG;9946355;ZNO (GOLD SEAL) PRAH - ADR!, 25KG;125;125;0;22000648;EUR;22210;3,9;487,5;0
POM;22;KG;9938118;ŽVEPLO, 25KG ADR-UN1350!;75;75;0;22000648;EUR;22210;1,11;83,25;0
POM;22;KG;9944174;RUCO-STAT AHE, 120KG;120;120;0;22000648;EUR;22210;3,28;393,6;0
IZD;22;M2;9920610;FILTER PP-450 HKT-OH;430;430;0;22000647;EUR;22210;0;0;0
IZD;22;M2;9908064;K/WINDOW IV BEIGE 40X10000;5969,55;5969,05;0;22000646;EUR;22210;1,03155;6157,89;0
IZD;22;M2;9918568;K/WINDOW A BEIGE3;3529,35;3529,35;0;22000646;EUR;22210;0;0;0
POM;22;KG;9925564;COAGULANT TEGO 4720 EVONIK, 50/200KG;100;100;0;22000645;EUR;22210;17,91;1791;0
IZD;22;M2;9943331;ART.SC 1454 NP 0,80/1500 011 SMOKE;5364;5364;0;22000644;EUR;22210;0;0;0
IZD;22;M2;9945005;ART.SC 1454 NP 0,80/1500 007 BERBER;3319,54;3319,54;0;22000644;EUR;22210;0;0;0
IZD;22;M2;9945130;ART.SC 1454 NP 0,80/1500 044 BEDUIN;2858,84;2858,84;0;22000644;EUR;22210;0;0;0
IZD;22;M2;9943331;ART.SC 1454 NP 0,80/1500 011 SMOKE;3098,05;3098,05;0;22000644;EUR;22210;0;0;0
IZD;22;M2;9939221;FILTER PE-551 HGT 205;205;205;0;22000643;EUR;22210;0;0;0
POM;22;KG;1001140;AMONIJAK 25%, 50KG;100;100;0;22000642;EUR;22210;1,205;120,5;0
POM;22;KG;9939500;SOPROPHOR TS10, 200KG;200;200;0;22000642;EUR;22210;8,2;1640;0
MAT;22;M2;9947902;TR.TRAK 30 OZS BXB 1000*1000-O;7,359;7,359;0;22000641;EUR;22410;50,0346;368,2;50,03462
IZD;22;M2;9939221;FILTER PE-551 HGT 205;348,5;348,5;0;22000640;EUR;22210;0;0;0
IZD;22;M;9928066;CENTELIN 04 90 CM BEL;20;20;0;22000639;EUR;22710;0;0;0
IZD;22;LM;9930968;CENTELIN 320 90 CM NELEPLJIV;20;20;0;22000639;EUR;22710;0;0;0
POM;22;KG;9946355;ZNO (GOLD SEAL) PRAH - ADR!, 25KG;1000;1000;0;22000638;EUR;22210;3,9;3900;0
POM;22;KG;9938118;ŽVEPLO, 25KG ADR-UN1350!;25;25;0;22000638;EUR;22210;1,11;27,75;0
POM;22;KG;9937518;VULKACIT ZDEC/OCTOCURE ZDE-100 TRCC,20KG;20;20;0;22000638;EUR;22210;4,8;96;0
POM;22;KG;9917159;VULKACIT ZM/VULKACIT ZMBT-PRAH-ADR!,20KG;20;20;0;22000638;EUR;22210;5,74;114,8;0
IZD;22;LM;9939241;CENTELIN ZX 950 150 CM;2800;1555;0;22000637;EUR;22710;0;0;0
IZD;22;KOS;9903005;KOFIL FK-G4M 287X287X98;29;29;0;22000636;EUR;25410;0;0;0
MAT;22;KOS;9936150;KOFIL FV-G4M 490X592X360/5;4;4;0;22000636;EUR;25410;10,8675;43,47;0
MAT;22;KOS;9936156;KOFIL FV-G4M 592X592X360/5;4;4;0;22000636;EUR;25410;7,659;30,64;0
IZD;22;LM;9939240;CENTELIN ZX 950 140 CM;2800;2800;0;22000635;EUR;22710;0;0;0
IZD;22;LM;9939241;CENTELIN ZX 950 150 CM;2800;2800;0;22000635;EUR;22710;0;0;0
IZD;22;M2;9931386;FILTER G PE DX;889,74;889,74;0;22000634;EUR;22210;0;0;0
POM;22;KG;1001140;AMONIJAK 25%, 50KG;50;50;0;22000633;EUR;22210;1,205;60,25;0
POM;22;KG;9926868;EMULVIN WA, 60KG;60;60;0;22000633;EUR;22210;14;840;0
POM;22;KG;1044893;TAMOL NN 9104 - 25KG;50;50;0;22000633;EUR;22210;3,95;197,5;0
POM;22;KG;9938234;PLEXMET SRN, 125KG;125;125;0;22000633;EUR;22210;2,5;312,5;0
POM;22;KG;9936758;KALCIJEV KARBONAT 2 OMYA, 20KG;1000;0;0;22000633;EUR;22210;0,1516;151,6;0
POM;22;KG;9944808;BARVA BLACK OLIMPRINT R AC RAROCHEM;1000;800;0;22000633;EUR;22210;2,4;2400;0
POM;22;KG;9944784;BARVA WHITE/BIANCO FM IBC MINERVA;1250;0;0;22000633;EUR;22220;5;6250;0
MAT;22;KOS;9940991;DAX GOBICA Z ABR. ZA ONESN. POVRŠINE 2/1;1728;1728;0;22000632;EUR;22610;0,142;245,38;0
IZD;22;M2;9924950;FILTER G PP 010 SL;360;360;0;22000631;EUR;22210;0;0;0
IZD;22;M2;9915852;FILTER G PE 050 SL;180;156,99;0;22000631;EUR;22210;0;0;0
POM;22;KG;9944174;RUCO-STAT AHE, 120KG;120;120;0;22000630;EUR;22210;3,28;393,6;0
POM;22;KG;9938234;PLEXMET SRN, 125KG;125;125;0;22000630;EUR;22210;2,5;312,5;0
MAT;22;KG;9948029;ADIFLAM BA 100/31 E, 250KG DRUM;3600;3600;0;22000630;EUR;22210;7,28333;26219,99;0
POL;22;LM;9933878;CENTELIN POL 900 150 CM;5770;5770;0;22000629;EUR;23710;0;0;0
IZD;22;M2;9905558;YRT 350;304,59;0;0;22000628;EUR;25410;0;0;0
POL;22;LM;9934060;CENTELIN POL 540/5 150 CM;3000;3000;0;22000627;EUR;23710;0,35;1050;0
POL;22;LM;9934583;CENTELIN POL 523/5 150 CM ČRN VOTEK;2440;2440;0;22000626;EUR;23710;0;0;0
POL;22;LM;9936579;CENTELIN POL 511 150 CM;300;300;0;22000625;EUR;23710;0;0;0
POL;22;LM;9936580;CENTELIN POL 511/5 150 CM;1300;1300;0;22000625;EUR;23710;0;0;0
POL;22;LM;9933870;CENTELIN POL 253005/2 80 CM T.N.500443;2100;2100;0;22000624;EUR;23710;0;0;0
POL;22;LM;9943539;CENTELIN POL 307/2 90 CM;2000;2000;0;22000623;EUR;23710;0;0;0
POL;22;LM;9935360;CENTELIN POL 202/A 150 CM BLACK;1100;1100;0;22000622;EUR;23710;0;0;0
MAT;22;M;9947046;ARTIKEL TK-831 S, ŠIRINA 1480 MM TKANINA;2400;2400;0;22000621;EUR;22710;1,0034;2408,16;0
MAT;22;KG;9947990;SILCARBON K3060;525;525;0;22000620;EUR;22710;3,6;1890;0
